dataset,document_id,category,source_path,ground_truth_path
funsd,82092117,form,data/final_benchmark/funsd/82092117.png,data/final_benchmark/funsd/82092117.json
funsd,82250337_0338,form,data/final_benchmark/funsd/82250337_0338.png,data/final_benchmark/funsd/82250337_0338.json
funsd,82252956_2958,form,data/final_benchmark/funsd/82252956_2958.png,data/final_benchmark/funsd/82252956_2958.json
funsd,82253245_3247,form,data/final_benchmark/funsd/82253245_3247.png,data/final_benchmark/funsd/82253245_3247.json
funsd,82254765,form,data/final_benchmark/funsd/82254765.png,data/final_benchmark/funsd/82254765.json
funsd,82504862,form,data/final_benchmark/funsd/82504862.png,data/final_benchmark/funsd/82504862.json
funsd,82573104,form,data/final_benchmark/funsd/82573104.png,data/final_benchmark/funsd/82573104.json
funsd,83443897,form,data/final_benchmark/funsd/83443897.png,data/final_benchmark/funsd/83443897.json
funsd,83573282,form,data/final_benchmark/funsd/83573282.png,data/final_benchmark/funsd/83573282.json
funsd,83624198,form,data/final_benchmark/funsd/83624198.png,data/final_benchmark/funsd/83624198.json
funsd,83641919_1921,form,data/final_benchmark/funsd/83641919_1921.png,data/final_benchmark/funsd/83641919_1921.json
funsd,83823750,form,data/final_benchmark/funsd/83823750.png,data/final_benchmark/funsd/83823750.json
funsd,85201976,form,data/final_benchmark/funsd/85201976.png,data/final_benchmark/funsd/85201976.json
funsd,85540866,form,data/final_benchmark/funsd/85540866.png,data/final_benchmark/funsd/85540866.json
funsd,86075409_5410,form,data/final_benchmark/funsd/86075409_5410.png,data/final_benchmark/funsd/86075409_5410.json
funsd,86220490,form,data/final_benchmark/funsd/86220490.png,data/final_benchmark/funsd/86220490.json
funsd,86236474_6476,form,data/final_benchmark/funsd/86236474_6476.png,data/final_benchmark/funsd/86236474_6476.json
funsd,86263525,form,data/final_benchmark/funsd/86263525.png,data/final_benchmark/funsd/86263525.json
funsd,87086073,form,data/final_benchmark/funsd/87086073.png,data/final_benchmark/funsd/87086073.json
funsd,87125460,form,data/final_benchmark/funsd/87125460.png,data/final_benchmark/funsd/87125460.json
rvl_cdip,advertisement_01,advertisement,data/final_benchmark/rvl_cdip/advertisement_01.tif,
rvl_cdip,advertisement_06,advertisement,data/final_benchmark/rvl_cdip/advertisement_06.tif,
rvl_cdip,budget_01,budget,data/final_benchmark/rvl_cdip/budget_01.tif,
rvl_cdip,budget_06,budget,data/final_benchmark/rvl_cdip/budget_06.tif,
rvl_cdip,email_01,email,data/final_benchmark/rvl_cdip/email_01.tif,
rvl_cdip,email_06,email,data/final_benchmark/rvl_cdip/email_06.tif,
rvl_cdip,form_01,form,data/final_benchmark/rvl_cdip/form_01.tif,
rvl_cdip,form_06,form,data/final_benchmark/rvl_cdip/form_06.tif,
rvl_cdip,handwritten_01,handwritten,data/final_benchmark/rvl_cdip/handwritten_01.tif,
rvl_cdip,handwritten_06,handwritten,data/final_benchmark/rvl_cdip/handwritten_06.tif,
rvl_cdip,invoice_01,invoice,data/final_benchmark/rvl_cdip/invoice_01.tif,
rvl_cdip,invoice_06,invoice,data/final_benchmark/rvl_cdip/invoice_06.tif,
rvl_cdip,letter_01,letter,data/final_benchmark/rvl_cdip/letter_01.tif,
rvl_cdip,letter_06,letter,data/final_benchmark/rvl_cdip/letter_06.tif,
rvl_cdip,memo_01,memo,data/final_benchmark/rvl_cdip/memo_01.tif,
rvl_cdip,memo_06,memo,data/final_benchmark/rvl_cdip/memo_06.tif,
rvl_cdip,news_article_01,news_article,data/final_benchmark/rvl_cdip/news_article_01.tif,
rvl_cdip,news_article_06,news_article,data/final_benchmark/rvl_cdip/news_article_06.tif,
rvl_cdip,scientific_publication_01,scientific_publication,data/final_benchmark/rvl_cdip/scientific_publication_01.tif,
rvl_cdip,scientific_publication_06,scientific_publication,data/final_benchmark/rvl_cdip/scientific_publication_06.tif,
sroie,X00016469620,receipt,data/final_benchmark/sroie/img/X00016469620.jpg,data/final_benchmark/sroie/box/X00016469620.txt
sroie,X51005441402,receipt,data/final_benchmark/sroie/img/X51005441402.jpg,data/final_benchmark/sroie/box/X51005441402.txt
sroie,X51005447848,receipt,data/final_benchmark/sroie/img/X51005447848.jpg,data/final_benchmark/sroie/box/X51005447848.txt
sroie,X51005621482,receipt,data/final_benchmark/sroie/img/X51005621482.jpg,data/final_benchmark/sroie/box/X51005621482.txt
sroie,X51005677331,receipt,data/final_benchmark/sroie/img/X51005677331.jpg,data/final_benchmark/sroie/box/X51005677331.txt
sroie,X51005711445,receipt,data/final_benchmark/sroie/img/X51005711445.jpg,data/final_benchmark/sroie/box/X51005711445.txt
sroie,X51005719895,receipt,data/final_benchmark/sroie/img/X51005719895.jpg,data/final_benchmark/sroie/box/X51005719895.txt
sroie,X51005757290,receipt,data/final_benchmark/sroie/img/X51005757290.jpg,data/final_benchmark/sroie/box/X51005757290.txt
sroie,X51005806719,receipt,data/final_benchmark/sroie/img/X51005806719.jpg,data/final_benchmark/sroie/box/X51005806719.txt
sroie,X51006328345,receipt,data/final_benchmark/sroie/img/X51006328345.jpg,data/final_benchmark/sroie/box/X51006328345.txt
sroie,X51006387971,receipt,data/final_benchmark/sroie/img/X51006387971.jpg,data/final_benchmark/sroie/box/X51006387971.txt
sroie,X51006393376,receipt,data/final_benchmark/sroie/img/X51006393376.jpg,data/final_benchmark/sroie/box/X51006393376.txt
sroie,X51006414633,receipt,data/final_benchmark/sroie/img/X51006414633.jpg,data/final_benchmark/sroie/box/X51006414633.txt
sroie,X51006556827,receipt,data/final_benchmark/sroie/img/X51006556827.jpg,data/final_benchmark/sroie/box/X51006556827.txt
sroie,X51006619509,receipt,data/final_benchmark/sroie/img/X51006619509.jpg,data/final_benchmark/sroie/box/X51006619509.txt
sroie,X51006620192,receipt,data/final_benchmark/sroie/img/X51006620192.jpg,data/final_benchmark/sroie/box/X51006620192.txt
sroie,X51007103692,receipt,data/final_benchmark/sroie/img/X51007103692.jpg,data/final_benchmark/sroie/box/X51007103692.txt
sroie,X51007339112,receipt,data/final_benchmark/sroie/img/X51007339112.jpg,data/final_benchmark/sroie/box/X51007339112.txt
sroie,X51007339650,receipt,data/final_benchmark/sroie/img/X51007339650.jpg,data/final_benchmark/sroie/box/X51007339650.txt
sroie,X51008042787,receipt,data/final_benchmark/sroie/img/X51008042787.jpg,data/final_benchmark/sroie/box/X51008042787.txt
