category,document_id,pdf_path,extractor,status,page_count,word_count,char_count,layout_region_count,latency_ms,error
advertisement,advertisement_01,C:\Users\Yug\Documents\Internship\pdf-extraction-benchmark\data\raw\rvl_cdip\advertisement\advertisement_01.pdf,Tesseract,ok,1,79,447,79,822.648,
advertisement,advertisement_01,C:\Users\Yug\Documents\Internship\pdf-extraction-benchmark\data\raw\rvl_cdip\advertisement\advertisement_01.pdf,PaddleOCR,ok,1,63,390,29,2697.699,
advertisement,advertisement_01,C:\Users\Yug\Documents\Internship\pdf-extraction-benchmark\data\raw\rvl_cdip\advertisement\advertisement_01.pdf,Docling,ok,1,61,505,13,12995.65,
advertisement,advertisement_02,C:\Users\Yug\Documents\Internship\pdf-extraction-benchmark\data\raw\rvl_cdip\advertisement\advertisement_02.pdf,Tesseract,ok,1,321,1875,321,1415.543,
advertisement,advertisement_02,C:\Users\Yug\Documents\Internship\pdf-extraction-benchmark\data\raw\rvl_cdip\advertisement\advertisement_02.pdf,PaddleOCR,ok,1,266,1730,44,4784.93,
advertisement,advertisement_02,C:\Users\Yug\Documents\Internship\pdf-extraction-benchmark\data\raw\rvl_cdip\advertisement\advertisement_02.pdf,Docling,ok,1,153,1667,11,15758.116,
budget,budget_01,C:\Users\Yug\Documents\Internship\pdf-extraction-benchmark\data\raw\rvl_cdip\budget\budget_01.pdf,Tesseract,ok,1,42,269,42,609.116,
budget,budget_01,C:\Users\Yug\Documents\Internship\pdf-extraction-benchmark\data\raw\rvl_cdip\budget\budget_01.pdf,PaddleOCR,ok,1,40,299,13,1414.88,
budget,budget_01,C:\Users\Yug\Documents\Internship\pdf-extraction-benchmark\data\raw\rvl_cdip\budget\budget_01.pdf,Docling,ok,1,28,286,3,14246.916,
budget,budget_02,C:\Users\Yug\Documents\Internship\pdf-extraction-benchmark\data\raw\rvl_cdip\budget\budget_02.pdf,Tesseract,ok,1,283,1041,283,1442.426,
budget,budget_02,C:\Users\Yug\Documents\Internship\pdf-extraction-benchmark\data\raw\rvl_cdip\budget\budget_02.pdf,PaddleOCR,ok,1,61,302,50,15796.282,
budget,budget_02,C:\Users\Yug\Documents\Internship\pdf-extraction-benchmark\data\raw\rvl_cdip\budget\budget_02.pdf,Docling,ok,1,0,0,1,91380.802,
email,email_01,C:\Users\Yug\Documents\Internship\pdf-extraction-benchmark\data\raw\rvl_cdip\email\email_01.pdf,Tesseract,ok,1,73,434,73,731.37,
email,email_01,C:\Users\Yug\Documents\Internship\pdf-extraction-benchmark\data\raw\rvl_cdip\email\email_01.pdf,PaddleOCR,ok,1,53,405,12,4431.0,
email,email_01,C:\Users\Yug\Documents\Internship\pdf-extraction-benchmark\data\raw\rvl_cdip\email\email_01.pdf,Docling,ok,1,35,396,10,17311.676,
email,email_02,C:\Users\Yug\Documents\Internship\pdf-extraction-benchmark\data\raw\rvl_cdip\email\email_02.pdf,Tesseract,ok,1,443,2733,443,1910.447,
email,email_02,C:\Users\Yug\Documents\Internship\pdf-extraction-benchmark\data\raw\rvl_cdip\email\email_02.pdf,PaddleOCR,ok,1,349,2458,70,18615.303,
email,email_02,C:\Users\Yug\Documents\Internship\pdf-extraction-benchmark\data\raw\rvl_cdip\email\email_02.pdf,Docling,ok,1,223,2241,53,43015.508,
file_folder,file_folder_01,C:\Users\Yug\Documents\Internship\pdf-extraction-benchmark\data\raw\rvl_cdip\file_folder\file_folder_01.pdf,Tesseract,ok,1,2,11,2,511.061,
file_folder,file_folder_01,C:\Users\Yug\Documents\Internship\pdf-extraction-benchmark\data\raw\rvl_cdip\file_folder\file_folder_01.pdf,PaddleOCR,ok,1,1,9,1,821.515,
file_folder,file_folder_01,C:\Users\Yug\Documents\Internship\pdf-extraction-benchmark\data\raw\rvl_cdip\file_folder\file_folder_01.pdf,Docling,ok,1,1,9,1,9165.08,
file_folder,file_folder_02,C:\Users\Yug\Documents\Internship\pdf-extraction-benchmark\data\raw\rvl_cdip\file_folder\file_folder_02.pdf,Tesseract,ok,1,4,19,4,730.309,
file_folder,file_folder_02,C:\Users\Yug\Documents\Internship\pdf-extraction-benchmark\data\raw\rvl_cdip\file_folder\file_folder_02.pdf,PaddleOCR,ok,1,1,9,1,625.715,
file_folder,file_folder_02,C:\Users\Yug\Documents\Internship\pdf-extraction-benchmark\data\raw\rvl_cdip\file_folder\file_folder_02.pdf,Docling,ok,1,2,13,2,9439.273,
form,form_01,C:\Users\Yug\Documents\Internship\pdf-extraction-benchmark\data\raw\rvl_cdip\form\form_01.pdf,Tesseract,ok,1,69,412,69,861.588,
form,form_01,C:\Users\Yug\Documents\Internship\pdf-extraction-benchmark\data\raw\rvl_cdip\form\form_01.pdf,PaddleOCR,ok,1,36,309,29,4592.704,
form,form_01,C:\Users\Yug\Documents\Internship\pdf-extraction-benchmark\data\raw\rvl_cdip\form\form_01.pdf,Docling,ok,1,47,408,40,12742.605,
form,form_02,C:\Users\Yug\Documents\Internship\pdf-extraction-benchmark\data\raw\rvl_cdip\form\form_02.pdf,Tesseract,ok,1,52,295,52,1234.178,
form,form_02,C:\Users\Yug\Documents\Internship\pdf-extraction-benchmark\data\raw\rvl_cdip\form\form_02.pdf,PaddleOCR,ok,1,45,301,35,4977.292,
form,form_02,C:\Users\Yug\Documents\Internship\pdf-extraction-benchmark\data\raw\rvl_cdip\form\form_02.pdf,Docling,ok,1,44,353,36,17371.137,
handwritten,handwritten_01,C:\Users\Yug\Documents\Internship\pdf-extraction-benchmark\data\raw\rvl_cdip\handwritten\handwritten_01.pdf,Tesseract,ok,1,295,1477,295,1899.05,
handwritten,handwritten_01,C:\Users\Yug\Documents\Internship\pdf-extraction-benchmark\data\raw\rvl_cdip\handwritten\handwritten_01.pdf,PaddleOCR,ok,1,121,824,24,8253.069,
handwritten,handwritten_01,C:\Users\Yug\Documents\Internship\pdf-extraction-benchmark\data\raw\rvl_cdip\handwritten\handwritten_01.pdf,Docling,ok,1,41,525,10,26459.103,
handwritten,handwritten_02,C:\Users\Yug\Documents\Internship\pdf-extraction-benchmark\data\raw\rvl_cdip\handwritten\handwritten_02.pdf,Tesseract,ok,1,19,43,19,1107.582,
handwritten,handwritten_02,C:\Users\Yug\Documents\Internship\pdf-extraction-benchmark\data\raw\rvl_cdip\handwritten\handwritten_02.pdf,PaddleOCR,ok,1,0,0,0,897.054,
handwritten,handwritten_02,C:\Users\Yug\Documents\Internship\pdf-extraction-benchmark\data\raw\rvl_cdip\handwritten\handwritten_02.pdf,Docling,ok,1,3,15,3,9826.011,
invoice,invoice_01,C:\Users\Yug\Documents\Internship\pdf-extraction-benchmark\data\raw\rvl_cdip\invoice\invoice_01.pdf,Tesseract,ok,1,215,1070,215,1152.174,
invoice,invoice_01,C:\Users\Yug\Documents\Internship\pdf-extraction-benchmark\data\raw\rvl_cdip\invoice\invoice_01.pdf,PaddleOCR,ok,1,135,984,78,11719.108,
invoice,invoice_01,C:\Users\Yug\Documents\Internship\pdf-extraction-benchmark\data\raw\rvl_cdip\invoice\invoice_01.pdf,Docling,ok,1,183,1358,92,27020.362,
invoice,invoice_02,C:\Users\Yug\Documents\Internship\pdf-extraction-benchmark\data\raw\rvl_cdip\invoice\invoice_02.pdf,Tesseract,ok,1,171,1022,171,1197.459,
invoice,invoice_02,C:\Users\Yug\Documents\Internship\pdf-extraction-benchmark\data\raw\rvl_cdip\invoice\invoice_02.pdf,PaddleOCR,ok,1,143,1014,89,12572.746,
invoice,invoice_02,C:\Users\Yug\Documents\Internship\pdf-extraction-benchmark\data\raw\rvl_cdip\invoice\invoice_02.pdf,Docling,ok,1,138,1022,74,41395.056,
letter,letter_01,C:\Users\Yug\Documents\Internship\pdf-extraction-benchmark\data\raw\rvl_cdip\letter\letter_01.pdf,Tesseract,ok,1,94,464,94,860.39,
letter,letter_01,C:\Users\Yug\Documents\Internship\pdf-extraction-benchmark\data\raw\rvl_cdip\letter\letter_01.pdf,PaddleOCR,ok,1,3,19,3,1144.875,
letter,letter_01,C:\Users\Yug\Documents\Internship\pdf-extraction-benchmark\data\raw\rvl_cdip\letter\letter_01.pdf,Docling,ok,1,14,106,8,12479.336,
letter,letter_02,C:\Users\Yug\Documents\Internship\pdf-extraction-benchmark\data\raw\rvl_cdip\letter\letter_02.pdf,Tesseract,ok,1,85,525,85,912.031,
letter,letter_02,C:\Users\Yug\Documents\Internship\pdf-extraction-benchmark\data\raw\rvl_cdip\letter\letter_02.pdf,PaddleOCR,ok,1,61,449,22,5060.787,
letter,letter_02,C:\Users\Yug\Documents\Internship\pdf-extraction-benchmark\data\raw\rvl_cdip\letter\letter_02.pdf,Docling,ok,1,56,481,15,17317.751,
memo,memo_01,C:\Users\Yug\Documents\Internship\pdf-extraction-benchmark\data\raw\rvl_cdip\memo\memo_01.pdf,Tesseract,ok,1,298,1616,298,1901.002,
memo,memo_01,C:\Users\Yug\Documents\Internship\pdf-extraction-benchmark\data\raw\rvl_cdip\memo\memo_01.pdf,PaddleOCR,ok,1,244,1534,37,14522.458,
memo,memo_01,C:\Users\Yug\Documents\Internship\pdf-extraction-benchmark\data\raw\rvl_cdip\memo\memo_01.pdf,Docling,ok,1,209,1608,35,40318.978,
memo,memo_02,C:\Users\Yug\Documents\Internship\pdf-extraction-benchmark\data\raw\rvl_cdip\memo\memo_02.pdf,Tesseract,ok,1,131,796,131,981.312,
memo,memo_02,C:\Users\Yug\Documents\Internship\pdf-extraction-benchmark\data\raw\rvl_cdip\memo\memo_02.pdf,PaddleOCR,ok,1,113,772,27,8467.892,
memo,memo_02,C:\Users\Yug\Documents\Internship\pdf-extraction-benchmark\data\raw\rvl_cdip\memo\memo_02.pdf,Docling,ok,1,72,743,22,22368.832,
news_article,news_article_01,C:\Users\Yug\Documents\Internship\pdf-extraction-benchmark\data\raw\rvl_cdip\news_article\news_article_01.pdf,Tesseract,ok,1,283,1736,283,1574.558,
news_article,news_article_01,C:\Users\Yug\Documents\Internship\pdf-extraction-benchmark\data\raw\rvl_cdip\news_article\news_article_01.pdf,PaddleOCR,ok,1,575,3479,142,25864.142,
news_article,news_article_01,C:\Users\Yug\Documents\Internship\pdf-extraction-benchmark\data\raw\rvl_cdip\news_article\news_article_01.pdf,Docling,ok,1,519,3470,28,51400.347,
news_article,news_article_02,C:\Users\Yug\Documents\Internship\pdf-extraction-benchmark\data\raw\rvl_cdip\news_article\news_article_02.pdf,Tesseract,ok,1,304,1674,304,1423.335,
news_article,news_article_02,C:\Users\Yug\Documents\Internship\pdf-extraction-benchmark\data\raw\rvl_cdip\news_article\news_article_02.pdf,PaddleOCR,ok,1,48,290,29,7623.147,
news_article,news_article_02,C:\Users\Yug\Documents\Internship\pdf-extraction-benchmark\data\raw\rvl_cdip\news_article\news_article_02.pdf,Docling,ok,1,177,1009,21,41389.556,
presentation,presentation_01,C:\Users\Yug\Documents\Internship\pdf-extraction-benchmark\data\raw\rvl_cdip\presentation\presentation_01.pdf,Tesseract,ok,1,6,14,6,999.906,
presentation,presentation_01,C:\Users\Yug\Documents\Internship\pdf-extraction-benchmark\data\raw\rvl_cdip\presentation\presentation_01.pdf,PaddleOCR,ok,1,25,192,9,3091.508,
presentation,presentation_01,C:\Users\Yug\Documents\Internship\pdf-extraction-benchmark\data\raw\rvl_cdip\presentation\presentation_01.pdf,Docling,ok,1,17,187,5,13761.463,
presentation,presentation_02,C:\Users\Yug\Documents\Internship\pdf-extraction-benchmark\data\raw\rvl_cdip\presentation\presentation_02.pdf,Tesseract,ok,1,407,2442,407,1974.181,
presentation,presentation_02,C:\Users\Yug\Documents\Internship\pdf-extraction-benchmark\data\raw\rvl_cdip\presentation\presentation_02.pdf,PaddleOCR,ok,1,322,1953,43,18119.37,
presentation,presentation_02,C:\Users\Yug\Documents\Internship\pdf-extraction-benchmark\data\raw\rvl_cdip\presentation\presentation_02.pdf,Docling,ok,1,312,2173,13,59179.778,
questionnaire,questionnaire_01,C:\Users\Yug\Documents\Internship\pdf-extraction-benchmark\data\raw\rvl_cdip\questionnaire\questionnaire_01.pdf,Tesseract,ok,1,0,0,0,3717.045,
questionnaire,questionnaire_01,C:\Users\Yug\Documents\Internship\pdf-extraction-benchmark\data\raw\rvl_cdip\questionnaire\questionnaire_01.pdf,PaddleOCR,ok,1,2,13,2,1723.234,
questionnaire,questionnaire_01,C:\Users\Yug\Documents\Internship\pdf-extraction-benchmark\data\raw\rvl_cdip\questionnaire\questionnaire_01.pdf,Docling,ok,1,2,14,2,8254.6,
questionnaire,questionnaire_02,C:\Users\Yug\Documents\Internship\pdf-extraction-benchmark\data\raw\rvl_cdip\questionnaire\questionnaire_02.pdf,Tesseract,ok,1,265,1560,265,1627.661,
questionnaire,questionnaire_02,C:\Users\Yug\Documents\Internship\pdf-extraction-benchmark\data\raw\rvl_cdip\questionnaire\questionnaire_02.pdf,PaddleOCR,ok,1,191,1207,78,15573.501,
questionnaire,questionnaire_02,C:\Users\Yug\Documents\Internship\pdf-extraction-benchmark\data\raw\rvl_cdip\questionnaire\questionnaire_02.pdf,Docling,ok,1,180,1259,55,34123.112,
resume,resume_01,C:\Users\Yug\Documents\Internship\pdf-extraction-benchmark\data\raw\rvl_cdip\resume\resume_01.pdf,Tesseract,ok,1,205,1237,205,1234.721,
resume,resume_01,C:\Users\Yug\Documents\Internship\pdf-extraction-benchmark\data\raw\rvl_cdip\resume\resume_01.pdf,PaddleOCR,ok,1,197,1222,24,11558.133,
resume,resume_01,C:\Users\Yug\Documents\Internship\pdf-extraction-benchmark\data\raw\rvl_cdip\resume\resume_01.pdf,Docling,ok,1,158,1140,4,30667.107,
resume,resume_02,C:\Users\Yug\Documents\Internship\pdf-extraction-benchmark\data\raw\rvl_cdip\resume\resume_02.pdf,Tesseract,ok,1,201,1485,201,1503.97,
resume,resume_02,C:\Users\Yug\Documents\Internship\pdf-extraction-benchmark\data\raw\rvl_cdip\resume\resume_02.pdf,PaddleOCR,ok,1,150,1164,41,13445.192,
resume,resume_02,C:\Users\Yug\Documents\Internship\pdf-extraction-benchmark\data\raw\rvl_cdip\resume\resume_02.pdf,Docling,ok,1,84,848,18,43199.111,
scientific_publication,scientific_publication_01,C:\Users\Yug\Documents\Internship\pdf-extraction-benchmark\data\raw\rvl_cdip\scientific_publication\scientific_publication_01.pdf,Tesseract,ok,1,35,156,35,1168.529,
scientific_publication,scientific_publication_01,C:\Users\Yug\Documents\Internship\pdf-extraction-benchmark\data\raw\rvl_cdip\scientific_publication\scientific_publication_01.pdf,PaddleOCR,ok,1,19,171,11,3314.007,
scientific_publication,scientific_publication_01,C:\Users\Yug\Documents\Internship\pdf-extraction-benchmark\data\raw\rvl_cdip\scientific_publication\scientific_publication_01.pdf,Docling,ok,1,20,195,9,13664.203,
scientific_publication,scientific_publication_02,C:\Users\Yug\Documents\Internship\pdf-extraction-benchmark\data\raw\rvl_cdip\scientific_publication\scientific_publication_02.pdf,Tesseract,ok,1,0,0,0,1213.703,
scientific_publication,scientific_publication_02,C:\Users\Yug\Documents\Internship\pdf-extraction-benchmark\data\raw\rvl_cdip\scientific_publication\scientific_publication_02.pdf,PaddleOCR,ok,1,3,27,3,1444.765,
scientific_publication,scientific_publication_02,C:\Users\Yug\Documents\Internship\pdf-extraction-benchmark\data\raw\rvl_cdip\scientific_publication\scientific_publication_02.pdf,Docling,ok,1,6,101,3,10276.066,
scientific_report,scientific_report_01,C:\Users\Yug\Documents\Internship\pdf-extraction-benchmark\data\raw\rvl_cdip\scientific_report\scientific_report_01.pdf,Tesseract,ok,1,54,302,54,881.23,
scientific_report,scientific_report_01,C:\Users\Yug\Documents\Internship\pdf-extraction-benchmark\data\raw\rvl_cdip\scientific_report\scientific_report_01.pdf,PaddleOCR,ok,1,39,300,13,5858.685,
scientific_report,scientific_report_01,C:\Users\Yug\Documents\Internship\pdf-extraction-benchmark\data\raw\rvl_cdip\scientific_report\scientific_report_01.pdf,Docling,ok,1,36,299,13,15001.71,
scientific_report,scientific_report_02,C:\Users\Yug\Documents\Internship\pdf-extraction-benchmark\data\raw\rvl_cdip\scientific_report\scientific_report_02.pdf,Tesseract,ok,1,42,262,42,725.076,
scientific_report,scientific_report_02,C:\Users\Yug\Documents\Internship\pdf-extraction-benchmark\data\raw\rvl_cdip\scientific_report\scientific_report_02.pdf,PaddleOCR,ok,1,37,250,16,6175.99,
scientific_report,scientific_report_02,C:\Users\Yug\Documents\Internship\pdf-extraction-benchmark\data\raw\rvl_cdip\scientific_report\scientific_report_02.pdf,Docling,ok,1,18,222,7,14022.304,
specification,specification_01,C:\Users\Yug\Documents\Internship\pdf-extraction-benchmark\data\raw\rvl_cdip\specification\specification_01.pdf,Tesseract,ok,1,197,1135,197,1126.624,
specification,specification_01,C:\Users\Yug\Documents\Internship\pdf-extraction-benchmark\data\raw\rvl_cdip\specification\specification_01.pdf,PaddleOCR,ok,1,159,1044,119,15548.568,
specification,specification_01,C:\Users\Yug\Documents\Internship\pdf-extraction-benchmark\data\raw\rvl_cdip\specification\specification_01.pdf,Docling,ok,1,161,1112,130,207955.249,
specification,specification_02,C:\Users\Yug\Documents\Internship\pdf-extraction-benchmark\data\raw\rvl_cdip\specification\specification_02.pdf,Tesseract,ok,1,117,671,117,1045.755,
specification,specification_02,C:\Users\Yug\Documents\Internship\pdf-extraction-benchmark\data\raw\rvl_cdip\specification\specification_02.pdf,PaddleOCR,ok,1,265,1719,194,28788.883,
specification,specification_02,C:\Users\Yug\Documents\Internship\pdf-extraction-benchmark\data\raw\rvl_cdip\specification\specification_02.pdf,Docling,ok,1,280,1960,216,49938.555,
